type of room,description
Living Room,"A cozy living room with a plush sofa, a coffee table, and a few decorative plants around the space."
Kitchen,"A spacious kitchen with a large island, modern appliances, and open shelving for easy access to dishes."
Bedroom,"A bedroom with a king-size bed, soft lighting, and large windows letting in natural light."
Dining Room,"A stylish dining room with a long wooden table, six chairs, and a statement chandelier above the table."
Home Office,"A home office with a desk, a comfortable chair, and shelves filled with books and personal items."
Bathroom,"A minimalist bathroom with a freestanding tub, a modern sink, and sleek black tiles on the floor."
Living Room,"A small living room with a sectional sofa, a coffee table, and a patterned rug beneath the furniture."
Reading Nook,"A cozy reading nook with a comfy armchair, a floor lamp, and a bookshelf on the wall filled with books."
Children's Playroom,"A vibrant children's playroom with colorful toys scattered around, a soft play mat, and storage baskets."
Guest Room,"A guest room with a double bed, a nightstand, and a soft duvet set in neutral tones."
Hallway,"A spacious hallway with a long console table, framed artwork on the walls, and a runner rug on the floor."
Kitchen,"A modern kitchen with stainless steel appliances, white cabinets, and a marble countertop."
Bedroom,"A bright bedroom with a queen-size bed, soft curtains, and a decorative headboard in a warm color."
Home Gym,"A home gym with exercise equipment, a yoga mat, and plenty of space for stretching and working out."
Entryway,"A welcoming entryway with a coat rack, a bench, and a large mirror to create an open feel."
Living Room,"A contemporary living room with a sleek sectional, a coffee table, and a statement floor lamp."
Laundry Room,"A spacious laundry room with a washer, dryer, and folding table, as well as baskets for sorting clothes."
Guest Bathroom,"A guest bathroom with a large mirror, a shower with glass doors, and modern fixtures."
Kitchen,"A small kitchen with compact cabinets, a stovetop, and a small dining nook by the window."
Study Room,"A tranquil study room with a large desk, a comfortable chair, and plenty of natural light coming through the windows."
Dining Area,"A chic dining area with a round table, velvet chairs, and a decorative pendant light above."
Bathroom,"A small bathroom with a walk-in shower, a vanity mirror, and minimalistic fixtures."
Home Theater,"A home theater with a projector, reclining chairs, and shelves stocked with movies and games."
Playroom,"A playroom with a slide, play kitchen set, and toyÂ toy storage bins for a clean, organized space."
Walk-in Closet,"A large walk-in closet with shelves, drawers, and hanging racks for clothes and accessories."
Kitchen,"A stylish kitchen with an open layout, large windows, and a breakfast bar with high stools."
Bathroom,"A luxurious bathroom with a soaking tub, a rainfall shower, and marble accents throughout."
Bedroom,"A colorful bedroom with a patterned duvet, a cozy chair, and framed art on the walls."
Attic,"A spacious attic with a small reading corner, a plush armchair, and skylight windows."
Hallway,"A clean and modern hallway with neutral tones, an abstract piece of artwork, and a small console table."
Office Space,"A contemporary office space with a large desk, ergonomic chair, and modern office equipment."
Living Room,"A minimalist living room with neutral tones, a modern coffee table, and a simple, comfortable sofa."
Kitchen Nook,"A kitchen nook with a small table, two chairs, and open shelving that displays dishes and cups."
Dining Room,"A sophisticated dining room with a large rectangular table, high-backed chairs, and a crystal chandelier above."
Guest Bedroom,"A cozy guest bedroom with a comfortable bed, bedside tables, and calming tones throughout the room."
Craft Room,"A well-organized craft room with a large workspace, shelving for materials, and plenty of natural light."
Outdoor Patio,"A large outdoor patio with a sectional sofa, a coffee table, and potted plants for added greenery."
Entryway,"A stylish entryway with a modern coat rack, a console table, and a vase with fresh flowers."
Master Bedroom,"A spacious master bedroom with a king-size bed, a seating area by the window, and soft, neutral colors."
Kids' Study Room,"A kids' study room with a small desk, colorful bookshelves, and a bright chair to inspire focus."
Living Room,"A rustic living room with wooden beams on the ceiling, a stone fireplace, and a leather armchair."
Home Spa,"A luxurious home spa room with a massage table, candles, and soft lighting creating a relaxing atmosphere."
Breakfast Nook,"A simple breakfast nook with a round table, three chairs, and a large window overlooking the garden."
Den,"A comfortable den with a plush sofa, a wooden bookshelf, and a coffee table filled with magazines."
Home Office,"A sleek home office with a modern desk, a statement chair, and shelves with plants and decorative objects."
Laundry Room,"A bright and airy laundry room with white cabinets, a folding table, and a wall-mounted drying rack."
Family Room,"A cozy family room with a large sectional, a coffee table, and framed family photos on the walls."
Bar Area,"A sophisticated bar area with a high countertop, bar stools, and shelves filled with liquor bottles and glassware."
Meditation Room,"A serene meditation room with soft mats, cushions, and natural elements like bamboo and plants."
Mudroom,"A stylish mudroom with hooks for coats, a bench for shoes, and a small shelf for storage."